i,7190
i,2361
i,6966
i,8868
i,4479
i,1405
i,3429
i,4320
i,2554
i,5594
i,975
i,1897
i,7574
i,6821
i,2921
i,4970
i,8115
i,4029
i,3543
i,8377
i,3738
i,5257
i,9332
i,1459
i,3722
i,2677
i,7462
i,9962
i,2989
i,7650
i,6691
i,9139
i,37
i,9140
i,6960
i,5414
i,1158
i,3045
i,5688
i,857
i,3285
i,6126
i,7425
i,5203
i,526
i,7816
i,1881
i,791
i,5303
i,8644
i,9210
i,5075
i,7039
i,2103
i,556
i,2601
i,1990
i,4706
i,151
i,5854
i,4359
i,833
i,4247
i,6226
i,7273
i,4340
i,8895
i,7753
i,6180
i,9641
